source,author,title,description,url,urlToImage,publishedAt,content,topic
"{'id': None, 'name': 'fox5sandiego.com'}",Danielle Dawson,"San Diego County reports surge in Mpox, monkeypox cases","San Diego County is seeing a slight surge in Mpox cases, with health officials reporting seven new cases in the months of May and June.",https://fox5sandiego.com/news/health/san-diego-county-records-rise-in-mpox-cases/,https://fox5sandiego.com/wp-content/uploads/sites/15/2023/10/653abdf6c1e4e7.20080085.jpeg?w=1280,2024-06-25T23:59:56Z,"SAN DIEGO (FOX 5/KUSI) San Diego County is seeing a slight surge in Mpox cases, with health officials reporting seven new cases in the months of May and June.
That is up from the previous average of… [+2180 chars]",health
"{'id': 'financial-post', 'name': 'Financial Post'}",GlobeNewswire,Christina Lake Cannabis Announces Filing of Q1 Financial Statements,"VANCOUVER, British Columbia, June 25, 2024 (GLOBE NEWSWIRE) — Christina Lake Cannabis Corp. (“CLC” or the “Company”) (CSE: CLC) is pleased to confirm that further to its news releases dated April 3, 2024, April 17, 2024, May 1, 2024, May 15, 2024, May 29, 202…",https://financialpost.com/globe-newswire/christina-lake-cannabis-announces-filing-of-q1-financial-statements,,2024-06-25T23:57:35Z,"VANCOUVER, British Columbia, June 25, 2024 (GLOBE NEWSWIRE) Christina Lake Cannabis Corp. (CLC or the Company) (CSE: CLC) is pleased to confirm that further to its news releases dated April 3, 2024, … [+3341 chars]",health
"{'id': None, 'name': 'NDTV News'}",,"US Voters Prefer Trump On Economy, Biden For Democracy: Survey","several years of fast-rising consumer prices, though inflation has slowed considerably in recent months and the jobless rate has been below 4% for more than two years.",https://www.ndtv.com/world-news/us-voters-prefer-trump-on-economy-biden-for-democracy-survey-5970662,"https://c.ndtvimg.com/2020-11/sd77uu9g_biden-trump-split-image_625x300_04_November_20.jpg?im=FaceCrop,algorithm=dnn,width=1200,height=738?ver-20240615.100",2024-06-25T23:57:04Z,"Donald Trump was favored 40% to 35% on foreign conflicts and terrorism.
Washington: several years of fast-rising consumer prices, though inflation has slowed considerably in recent months and the jo… [+1742 chars]",health
"{'id': 'cnn', 'name': 'CNN'}",Maya Davis,"Friendly’s, Hershey’s ice cream products among various brands recalled over bacterial contamination concerns | CNN","Consumers looking to cool off this summer are advised to avoid popular ice cream products from brands including Friendly’s, Hershey’s and Chipwich due to possible Listeria contamination, according to a recall announced Monday",https://www.cnn.com/2024/06/25/health/friendlys-hersheys-ice-cream-recall/index.html,"https://media.cnn.com/api/v1/images/stellar/prod/fda-ice-cream-recall-friendly-s.jpg?c=16x9&q=w_800,c_fill",2024-06-25T23:56:48Z,"Consumers looking to cool off this summer are advised to avoid popular ice cream products from brands including Friendlys, Hersheys and Chipwich due to possible Listeria contamination, according to a… [+1609 chars]",health
"{'id': 'cbc-news', 'name': 'CBC News'}",,"Hot saunas, cold plunges on the agenda at Vancouver city council","The owner of The Good Sauna, which normally operates in the parking lot of Container Brewing in East Vancouver, says his business promotes community and wellness and deserves to be greenlit by the city.",https://www.cbc.ca/news/canada/british-columbia/hot-saunas-cold-plunges-1.7246528,https://i.cbc.ca/1.7246575.1719358890!/fileImage/httpImage/image.jpeg_gen/derivatives/16x9_620/the-good-sauna.jpeg,2024-06-25T23:54:49Z,"The owners of outdoor sauna-cold plunge businesses that have been operating in a bylaw grey area will be in front of Vancouver city council Wednesday morning speaking in support of a motion that, if … [+2239 chars]",health
"{'id': None, 'name': 'WLS-TV'}",Craig Wall,US surgeon general gun violence public health crisis declaration hailed by Chicago officials,Chicago officials are hailing the U.S. surgeon general's decision Tuesday to declare gun violence a public health crisis.,https://abc7chicago.com/post/us-surgeon-general-gun-violence-public-health-crisis/15000385/,https://cdn.abcotvs.com/dip/images/15000432_062524-WLS-wall-gun-violence-430p-vid.jpg?w=1600,2024-06-25T23:54:19Z,"CHICAGO (WLS) -- Chicago officials are hailing the U.S. surgeon general's decision Tuesday to declare gun violence a public health crisis.
It comes as gun violence becomes the leading cause of death… [+2839 chars]",health
"{'id': None, 'name': 'Minnesota Public Radio News'}",Rachel Treisman,The surgeon general declared gun violence a public health crisis. What does that do?,The nation's top doctor issued an advisory on Tuesday declaring gun violence a public health crisis and prescribing policy changes to treat it as such. It's both unprecedented and unenforceable.,https://www.mprnews.org/story/2024/06/25/npr-surgeon-general-vivek-murthy-gun-violence-public-health-crisis,https://npr.brightspotcdn.com/dims3/default/strip/false/crop/3600x2025+0+188/resize/3600x2025!/?url=http%3A%2F%2Fnpr-brightspot.s3.amazonaws.com%2Fc7%2F68%2Fa3a9f93f469bb77572b2076c1823%2Fap24169416475236.jpg?s=2000,2024-06-25T23:54:08Z,"Surgeon General Dr. Vivek Murthy speaks during an event on the White House in April. The nation's top doctor has issued an advisory about the public health risks of widespread gun violence.
Americas… [+10668 chars]",health
"{'id': None, 'name': 'GlobeNewswire'}",Christina Lake Cannabis Corp.,Christina Lake Cannabis Announces Filing of Q1 Financial Statements,"VANCOUVER, British Columbia, June 25, 2024 (GLOBE NEWSWIRE) -- Christina Lake Cannabis Corp. (""CLC"" or the ""Company"") (CSE: CLC) is pleased to confirm that further to its news releases dated April 3, 2024, April 17, 2024, May 1, 2024, May 15, 2024, May 29, 20…",https://www.globenewswire.com/news-release/2024/06/25/2904194/0/en/Christina-Lake-Cannabis-Announces-Filing-of-Q1-Financial-Statements.html,https://ml.globenewswire.com/Resource/Download/a90964d7-e3fa-4a98-a666-ce2307d8be30,2024-06-25T23:54:00Z,"VANCOUVER, British Columbia, June 25, 2024 (GLOBE NEWSWIRE) -- Christina Lake Cannabis Corp. (""CLC"" or the ""Company"") (CSE: CLC) is pleased to confirm that further to its news releases dated April 3,… [+3405 chars]",health
"{'id': None, 'name': 'Biztoc.com'}",al.com,UAB to acquire Ascension St. Vincent’s hospital system in $450 million deal,"The UAB Health System is set to acquire Ascension St. Vincent’s in north central Alabama this fall in a deal worth $450 million following a vote of approval Tuesday by the University of Alabama Board of Trustees.
The deal would enlarge UAB’s footprint in Jeff…",https://biztoc.com/x/51f4c8dee866897f,https://biztoc.com/cdn/51f4c8dee866897f_s.webp,2024-06-25T23:52:33Z,The UAB Health System is set to acquire Ascension St. Vincents in north central Alabama this fall in a deal worth $450 million following a vote of approval Tuesday by the University of Alabama Board … [+121 chars],health
"{'id': None, 'name': 'Biztoc.com'}",techcrunch.com,"10 of the most exciting digital health startups of 2024, according to VCs","In the post-COVID world, VCs say it’s not as easy to get excited about investing in digital health. Deal activity in healthcare IT was relatively flat in Q1 2024 at 74 total deals, valued at about $1 billion total, up only 3% from the year-ago quarter, accord…",https://biztoc.com/x/20f90e89bdf52b9f,https://biztoc.com/cdn/799/og.png,2024-06-25T23:52:21Z,"In the post-COVID world, VCs say its not as easy to get excited about investing in digital health. Deal activity in healthcare IT was relatively flat in Q1 2024 at 74 total deals, valued at about $1 … [+138 chars]",health
"{'id': None, 'name': 'Histalk2.com'}",Mr. HIStalk,Morning Headlines 6/26/24,EVisit Acquires UPMC’s Inpatient Teleconsult Technology and Secures Investments from ...,https://histalk2.com/2024/06/25/morning-headlines-6-26-24/,,2024-06-25T23:51:50Z,"EVisit Acquires UPMC’s Inpatient Teleconsult Technology and Secures Investments from UPMC Enterprises and MedStar Health to Expand Innovative Partnerships and Capabilities
EVisit acquires inpatient … [+589 chars]",health
"{'id': None, 'name': 'The Daily Caller'}",Robert McGreevy,New York Times Deploying 29 Fact-Checkers For Trump-Biden Debate,The New York Times will be deploying 29 fact-checkers to CNN's debate between President Biden and former President Trump on Thursday.,https://dailycaller.com/2024/06/25/new-york-times-deploying-29-fact-checkers-trump-biden-debate/,https://cdn01.dailycaller.com/wp-content/uploads/2024/06/GettyImages-1229229798-scaled-e1719355276678.jpg,2024-06-25T23:51:49Z,"The New York Times will be deploying 29 fact-checkers to CNN’s debate between President Biden and former President Trump on Thursday. You read that correctly. 29.
The fact-checkers will join an addi… [+4530 chars]",health
"{'id': None, 'name': 'Yahoo Entertainment'}",Marina Temkin,"10 of the most exciting digital health startups of 2024, according to VCs","In the post-COVID world, VCs say it’s not as easy to get excited about investing in digital health. Deal activity in healthcare IT was relatively flat in Q1 2024 at 74 total deals, valued at about $1 billion total, up only 3% from the year-ago quarter, accord…",https://consent.yahoo.com/v2/collectConsent?sessionId=1_cc-session_28bd89d3-d947-45fa-8ff7-39f1cacc46e2,,2024-06-25T23:49:53Z,"If you click 'Accept all', we and our partners, including 237 who are part of the IAB Transparency &amp; Consent Framework, will also store and/or access information on a device (in other words, use … [+678 chars]",health
"{'id': None, 'name': 'KQED'}",Sydney Johnson,"California Drops Psychedelic Therapy Legalization Bill, Again",The latest attempt to legalize psychedelics focused on supervised use for veterans and former first responders.,https://www.kqed.org/news/11991959/california-drops-psychedelic-therapy-legalization-bill-again,https://cdn.kqed.org/wp-content/uploads/sites/10/2024/06/GettyImages-1887894814_qed-1020x765.jpg,2024-06-25T23:49:23Z,"But the push to regulate psychedelics has been an uphill battle in the Golden State, where it is illegal to possess, cultivate and sell psilocybin and psilocin.
In 2023, Gov. Gavin Newsom vetoed a b… [+979 chars]",health
"{'id': 'cbc-news', 'name': 'CBC News'}",,Pro-Palestinian protesters face off with counter-protesters at Victoria Square encampment,Tensions rose at Victoria Square in Montreal's financial district on Tuesday after pro-Palestinian protesters and demonstrators from two counter-protests faced off.,https://www.cbc.ca/news/canada/montreal/square-victoria-pro-palestinian-encampment-1.7246044,https://i.cbc.ca/1.7246068.1719358514!/fileImage/httpImage/image.jpeg_gen/derivatives/16x9_620/al-sumud-encampment.jpeg,2024-06-25T23:47:06Z,"On Day 4 of the pro-Palestinian encampment at Victoria Square in Montreal's financial district, protesters were confronted with a counter-protest that wants the encampment taken down. 
On Saturday, … [+4252 chars]",health
"{'id': 'nbc-news', 'name': 'NBC News'}",Reuters,Peru to stop labeling transgender people as mentally ill,"Peru will stop listing individuals who identify as trans, among others, as suffering from mental disorders, the country’s health ministry announced  after weeks of backlash.",https://www.nbcnews.com/nbc-out/out-news/peru-stop-labeling-transgender-people-mentally-ill-rcna158948,"https://media-cldnry.s-nbcnews.com/image/upload/t_nbcnews-fp-1200-630,f_auto,q_auto:best/rockcms/2024-06/240625-peru-lgbtqi-trans-protest-ac-735p-d13b8a.jpg",2024-06-25T23:46:04Z,"LIMA Peru will stop listing individuals who identify as transgender, among others, as suffering from mental disorders, the countrys health ministry announced on Tuesday, following a backlash to the m… [+1181 chars]",health
"{'id': None, 'name': 'LancasterOnline'}",Lucy Albright | Staff Writer,Employees at Ephrata behavioral health facility go unpaid in the wake of CEO's death,"A multistate mental health and substance use treatment company founded in Lancaster County has closed two of its out-of-state locations and has fallen behind on paying employees, including those at",https://lancasteronline.com/news/health/employees-at-ephrata-behavioral-health-facility-go-unpaid-in-the-wake-of-ceos-death/article_d46c7548-3328-11ef-b365-13315ffaa4dc.html,https://bloximages.newyork1.vip.townnews.com/lancasteronline.com/content/tncms/assets/v3/editorial/5/53/553d5198-2f14-11e9-a1ce-47f484e104c2/5c6348d3d44e3.image.jpg?crop=638%2C335%2C0%2C59&resize=638%2C335&order=crop%2Cresize,2024-06-25T23:44:07Z,"A multistate mental health and substance use treatment company founded in Lancaster County has closed two of its out-of-state locations and has fallen behind on paying employees, including those at i… [+4315 chars]",health
"{'id': None, 'name': 'Investing.com'}",Investing.com,"Hecla Mining VP sells $71,411 in stock, acquires $312,676 worth of shares","Hecla Mining VP sells $71,411 in stock, acquires $312,676 worth of shares",https://www.investing.com/news/company-news/hecla-mining-vp-sells-71411-in-stock-acquires-312676-worth-of-shares-93CH-3496724,https://i-invdn-com.investing.com/news/news_pile_69x52._800x533_L_1419494209.jpg,2024-06-25T23:44:00Z,"Hecla Mining Co. (NYSE:HL) has reported a recent transaction involving the company's Vice President and General Counsel, David C. Sienko. According to the latest filings, Sienko sold a total of $71,4… [+4876 chars]",health
"{'id': None, 'name': 'Biztoc.com'}",pbs.org,What comes next as U.S. surgeon general declares gun violence a public health crisis,"An advisory from the U.S. surgeon general says gun violence is an urgent public health crisis. Citing rising deaths of young people and mental health impacts, the report argues for an approach to stem gun violence similar to tobacco-related and motor vehicle …",https://biztoc.com/x/eeaac7dc695bc133,https://biztoc.com/cdn/eeaac7dc695bc133_s.webp,2024-06-25T23:41:28Z,"An advisory from the U.S. surgeon general says gun violence is an urgent public health crisis. Citing rising deaths of young people and mental health impacts, the report argues for an approach to ste… [+132 chars]",health
"{'id': None, 'name': 'Thehillstimes.in'}",The Hills Times,NTPC and BTC strengthen ties,"HT Correspondent KOKRAJHAR, June 25:  Akhilesh Singh, head of project (HOP) and business unit head at National Thermal Power Corporation, had a productive meeting with Pramod Boro, the chief executive member of Bodoland Territorial Council and NTPC Bongaigaon…",https://thehillstimes.in/assam/ntpc-and-btc-strengthen-ties,https://thehillstimes.in/wp-content/uploads/2024/06/lead-13.jpg,2024-06-25T23:40:44Z,"HT Correspondent
KOKRAJHAR, June 25:  Akhilesh Singh, head of project (HOP) and business unit head at National Thermal Power Corporation, had a productive meeting with Pramod Boro, the chief executi… [+1578 chars]",health
"{'id': None, 'name': 'The Boston Globe'}",Ellen Barry,Surgeon General declares gun violence a public health crisis,"Dr. Vivek Murthy's move follows years of calls by health officials, including four of Murthy’s predecessors, to view firearm deaths through the lens of health rather than politics.",https://www.bostonglobe.com/2024/06/25/nation/surgeon-general-gun-violence-crisis/,https://bostonglobe-prod.cdn.arcpublishing.com/resizer/XGI1-Y-HoMlBSIyJRs0Y8fURLzw=/506x0/cloudfront-us-east-1.images.arcpublishing.com/bostonglobe/7LDARXP2D6AKQ72D7UWVDVSLUE.jpg,2024-06-25T23:40:16Z,Murthys 32-page advisory calls for an increase in funding for firearm violence prevention research; advises health workers to discuss firearm storage with patients during routine medical visits; and … [+5588 chars],health
"{'id': None, 'name': 'New York Post'}",Fox News,Officials close popular California beaches amid sewage-contaminated waters: ‘Profound public health crisis’,"Multiple San Diego beach areas have been flagged for potential medical safety concerns due to high levels of bacteria in the water, stemming from sewage contamination.",https://nypost.com/2024/06/25/us-news/officials-close-popular-california-beaches-amid-sewage-contaminated-waters/,https://nypost.com/wp-content/uploads/sites/2/2024/06/84464908.jpg?quality=75&strip=all&w=1024,2024-06-25T23:40:02Z,"SAN DIEGO  Multiple San Diego beach areas have been flagged for potential medical safety concerns due to high levels of bacteria in the water, stemming from sewage contamination.
The Department of E… [+2969 chars]",health
"{'id': 'newsweek', 'name': 'Newsweek'}",Jon Paul Hoornstra,"Novak Djokovic, Andy Murray Trying to Heal Injuries Before Wimbledon","With the men's singles tournaments at Wimbledon starting next Monday, all eyes are on the two 37-year-old legends recovering from recent injuries.",https://www.newsweek.com/sports/novak-djokovic-andy-murray-trying-heal-injuries-before-wimbledon-1917371,https://d.newsweek.com/en/full/2416766/novak-djokovic-andy-murray-wimbledon.jpg,2024-06-25T23:40:01Z,"The odds of Novak Djokovic and Andy Murray making an impact at this year's Wimbledon Championships dimmed in light of recent headlines about their health.
Djokovic, 37, underwent surgery on his righ… [+3497 chars]",health
"{'id': None, 'name': 'The Punch'}",Ted Odogwu,Kano votes N5bn to supply fertiliser,"The Kano State Governor, Abba Yusuf, on Tuesday, approved the procurement of fertiliser, valued at over N5bn, to show the state’s commitment to food sufficiency, through agricultural transformation. The governor’s spokesman, Dawakin Tofa, said in a statement …",https://punchng.com/kano-votes-n5bn-to-supply-fertiliser/,https://cdn.punchng.com/wp-content/uploads/2023/08/24151806/Abba-Kabir-Yusuf.jpeg,2024-06-25T23:38:26Z,"The Kano State Governor, Abba Yusuf, on Tuesday, approved the procurement of fertiliser, valued at over N5bn, to show the states commitment to food sufficiency, through agricultural transformation.
… [+1447 chars]",health
"{'id': 'cbs-news', 'name': 'CBS News'}",CBS News,U.S. surgeon general declares gun violence a public health crisis,"The U.S. surgeon general took important action Tuesday declaring gun violence a public health crisis. Dr. Vivek Murthy, the nation's top doctor, pointed to the fast-growing number of injuries and deaths involving guns. Megan Hickey reports from Chicago, one o…",https://www.cbsnews.com/video/u-s-surgeon-general-declares-gun-violence-a-public-health-crisis/,https://assets3.cbsnewsstatic.com/hub/i/r/2024/06/25/063c3cd7-d42a-445e-a6aa-2c783fd0fc02/thumbnail/1200x630/aede896279cc4f813db18fe3ff0e41f1/0625-en-hickey.jpg?v=d44ea471ad55b1f821a0763c85064960,2024-06-25T23:37:00Z,"Watch CBS News
Copyright ©2024 CBS Interactive Inc. All rights reserved.
Get browser notifications for breaking news, live events, and exclusive reporting.
Not NowTurn On",health
"{'id': None, 'name': 'PBS'}","PBS News, PBS NewsHour","June 25, 2024 - PBS NewsHour full episode","Tuesday on the News Hour, WikiLeaks founder Julian Assange agrees to plead guilty to a national security crime in exchange for his release. The U.S. surgeon general declares gun violence a public health crisis. Plus, a behind-the-scenes look at how the PBS/NP…",https://www.pbs.org/newshour/show/june-25-2024-pbs-newshour-full-episode,https://d3i6fh83elv35t.cloudfront.net/static/2024/06/fullshow-assasnge-1024x576.jpg,2024-06-25T23:36:10Z,"Tuesday on the News Hour, WikiLeaks founder Julian Assange agrees to plead guilty to a national security crime in exchange for his release. The U.S. surgeon general declares gun violence a public hea… [+86 chars]",health
"{'id': None, 'name': 'Theepochtimes.com'}",Allison Demajistre,"Atrial Fibrillation, Eliquis, and the Inflation Reduction Act",The unintended consequences of the Inflation Reduction Act may limit access to the lifesaving medication Eliquis for millions with atrial fibrillation.,https://www.theepochtimes.com/health/atrial-fibrillation-eliquis-and-the-inflation-reduction-act-5666661,https://img.theepochtimes.com/assets/uploads/2024/06/25/id5675245-Shutterstock_1050034877-LSedit-1080x720.jpg,2024-06-25T23:36:00Z,"Atrial fibrillation, often referred to as AFib, is the most commonly treated type of heart arrhythmia. This condition is now considered the new cardiovascular disease epidemic. In the United States, … [+12205 chars]",health
"{'id': None, 'name': 'Investing.com'}",Investing.com,"Nanophase COO Kevin Cureton buys $17,413 in company stock","Nanophase COO Kevin Cureton buys $17,413 in company stock",https://www.investing.com/news/company-news/nanophase-coo-kevin-cureton-buys-17413-in-company-stock-93CH-3496722,https://i-invdn-com.investing.com/news/World_News_9_800x533_L_1420026261.jpg,2024-06-25T23:35:45Z,"ROMEOVILLE, IL - NANOPHASE TECHNOLOGIES Corp (OTC:NANX) Chief Operating Officer Kevin Cureton has purchased $17,413 worth of company stock, according to recent filings with the Securities and Exchang… [+5180 chars]",health
"{'id': None, 'name': 'BBC News'}",Kayla Epstein - Senior Journalist,"Toxic burn after Ohio derailment unneeded, officials say",The train company said a controlled burn of toxic chemicals was necessary because it feared an explosion.,https://www.bbc.com/news/articles/cz44703jzyqo?xtor=AL-72-%5Bpartner%5D-%5Byahoo.north.america%5D-%5Bheadline%5D-%5Bnews%5D-%5Bbizdev%5D-%5Bisapi%5D,https://media.zenfs.com/en/bbc_us_articles_995/0126cf1d512cec92ccb233eb041d37bb,2024-06-25T23:35:36Z,"The burning of toxic chemicals after a rail disaster in East Palestine, Ohio - which sent hazardous smoke billowing into the air - may have been unnecessary, an investigation into the February 2023 t… [+4512 chars]",health
"{'id': None, 'name': '[Removed]'}",,[Removed],[Removed],https://removed.com,,1970-01-01T00:00:00Z,[Removed],health
"{'id': 'abc-news', 'name': 'ABC News'}",JONEL ALECCIA AP health writer,FDA warns maker of Sara Lee and Entenmann's not to claim foods contain allergens when they don't,Federal food safety regulators are warning Bimbo Bakeries USA to stop using misleading labels that say products contain potentially dangerous allergens when they don't,https://abcnews.go.com/US/wireStory/fda-warns-maker-sara-lee-entenmanns-claim-foods-111422784,https://i.abcnewsfe.com/a/fb94a814-7160-4931-aa73-c8d921683348/wirestory_fb3f49f95515b9af3cf1bfd7ddbabed6_16x9.jpg?w=1600,2024-06-25T23:34:22Z,"Federal food safety regulators said Tuesday that they have warned a top U.S. bakery to stop using labels that say its products contain potentially dangerous allergens when they don't. 
U.S. Food and… [+2777 chars]",health
"{'id': None, 'name': 'New Zealand Herald'}",Natasha Yates,What happens when you stop taking Ozempic? Experts explain the consequences,Are these medications simply another form of yo-yo dieting? The experts weigh in.,https://www.nzherald.co.nz/lifestyle/what-happens-when-you-stop-taking-ozempic-experts-explain-the-consequences/M3C4MV3Q7JC47M3HR4R3WCQZUA/,https://www.nzherald.co.nz/resizer/v2/ZM2JCQ2QCZBRFAPVHZDEMDTS4A.jpg?auth=7650ce12d6e88fc4768a1e25df32bbb9be88ad9558599896d978a522a2ba0bb2&width=1200&height=675&quality=70&focal=1216%2C1074&smart=false,2024-06-25T23:33:14Z,"Its a long-term treatment, not a short course
If you have a bacterial infection, antibiotics will help your body fight off the germs causing your illness. You take the full course of medication, and… [+5289 chars]",health
"{'id': 'newsweek', 'name': 'Newsweek'}",Anna Commander,California City Warns Residents 'Do Not Drink' The Water,"After a break-in at a city reservoir tank, certain residents in Santa Paula are advised not to drink the water.",https://www.newsweek.com/california-city-water-warning-1917382,https://d.newsweek.com/en/full/2416770/tap-water.jpg,2024-06-25T23:32:57Z,"The city of Santa Paula, California, warned certain residents on Monday ""DO NOT DRINK YOUR WATER"" as an unknown substance could be in it due to a break-in at a reservoir tank.
According to the ""unsa… [+3311 chars]",health
"{'id': None, 'name': 'YouTube'}",,What comes next as U.S. surgeon general declares gun violence a public health crisis,What comes next as U.S. surgeon general declares gun violence a public health crisisyoutube.com,https://www.youtube.com/supported_browsers?next_url=https%3A%2F%2Fwww.youtube.com%2Fwatch%3Fv%3D9lZAf-DbXWc,,2024-06-25T23:32:43Z,"Your browser isnt supported anymore. Update it to get the best YouTube experience and our latest features. Learn more
Remind me later",health
"{'id': None, 'name': 'Trendhunter.com'}",Laura McQuarrie,Biscuit Spread Toothpastes - Hismile’s Toothpaste Sachets Shares a Taste of Novelty for $1 (TrendHunter.com),"(TrendHunter.com) Hismile’s $1 Biscuit Spread Toothpaste Sachet offers a sweet alternative to mint, making oral care as enjoyable as snacking. 
&#160; 
This quirky twist on oral care is not just a novelty but a...",https://www.trendhunter.com/trends/biscuit-spread-toothpaste,https://cdn.trendhunterstatic.com/thumbs/537/biscuit-spread-toothpaste.jpeg?auto=webp,2024-06-25T23:32:03Z,"Hismiles $1 Biscuit Spread Toothpaste Sachet offers a sweet alternative to mint, making oral care as enjoyable as snacking. This quirky twist on oral care is not just a novelty but a revolution in ho… [+529 chars]",health
"{'id': None, 'name': 'Biztoc.com'}",chicagotribune.com,Judge likely to sentence former Outcome Health CEO Rishi Shah on Wednesday,"A federal judge will likely sentence former Outcome Health CEO Rishi Shah on Wednesday, after spending Tuesday hearing arguments and testimony about how much money clients and investors lost because of fraud at the company.
Shah was convicted of fraud after a…",https://biztoc.com/x/c358cc88e7b18a97,https://biztoc.com/cdn/799/og.png,2024-06-25T23:30:32Z,"A federal judge will likely sentence former Outcome Health CEO Rishi Shah on Wednesday, after spending Tuesday hearing arguments and testimony about how much money clients and investors lost because … [+138 chars]",health
"{'id': None, 'name': 'POPSUGAR'}",Korin Miller,"Why Your Belly Button Smells Funky, According to Derms","As a kid, your belly button was probably the most interesting part of your body. Once you reach adulthood, though, the navel doesn't get as much attention, leaving room for certain health problems to go unchecked. That said, if you notice an odor wafting from…",https://www.popsugar.com/health/why-does-belly-button-smell-49276023,https://media1.popsugar-assets.com/files/thumbor/I64UhE-bRkCyNymYENWIATJZPrA=/8x472:5098x3144/fit-in/5099x3359/top/filters:format_auto():quality(85):upscale()/2023/09/19/991/n/1922729/d92a1af5650a24f20011d3.89392552_.jpg,2024-06-25T23:30:02Z,"As a kid, your belly button was probably the most interesting part of your body. Once you reach adulthood, though, the navel doesn't get as much attention, leaving room for certain health problems to… [+5268 chars]",health
"{'id': None, 'name': 'FDA.gov'}",FDA,2018 Compounding Policy Priorities Plan,2018 Compounding Policy Priorities Plan,https://www.fda.gov/drugs/human-drug-compounding/2018-compounding-policy-priorities-plan,https://www.fda.gov/themes/custom/preview/img/FDA-Social-Graphic.png,2024-06-25T23:29:52Z,I am pleased to share the FDAs 2018 Compounding Policy Priorities Plan. This plan provides an overview of the key priorities our agency will pursue to implement the federal law on compounding and to … [+25518 chars],health
"{'id': None, 'name': 'The Seattle Times'}",Catalina Gaitán,"Holocaust Center graffiti not a hate crime, Seattle police say",Seattle police said no crime was committed when someone scrawled the words “Genocide in Gaza” in red marker on the front window of the Holocaust Center for Humanity last week.,https://www.seattletimes.com/seattle-news/holocaust-center-graffiti-not-a-hate-crime-seattle-police-say/,https://images.seattletimes.com/wp-content/uploads/2024/06/06252024_tzr_tzr_152230.jpg?d=1200x630,2024-06-25T23:29:21Z,"Seattle police said no crime was committed when someone scrawled the words Genocide in Gaza in red marker on the front window of the Holocaust Center for Humanity last week. 
The Jewish centers staf… [+2268 chars]",health
"{'id': None, 'name': 'TheWrap'}",Jacob Bryant,SAG-AFTRA Adds Infertility Treatment to 2025 Health Plan,"The benefits cover up to $30,000 of ""medically necessary"" treatment 
The post SAG-AFTRA Adds Infertility Treatment to 2025 Health Plan appeared first on TheWrap.",https://www.thewrap.com/sag-aftra-infertility-treatment-health-plan/,https://www.thewrap.com/wp-content/uploads/2024/06/sag-aftra-logo.jpg,2024-06-25T23:27:16Z,"The SAG-AFTRA health plan will add infertility treatment to its coverage beginning in 2025.
The board of trustees reached unanimous approval for the inclusion of infertility treatment benefits begin… [+1365 chars]",health
"{'id': None, 'name': 'New Zealand Herald'}","Hamish Wilson, John Douglas Dunbar, University of Otago",Long Covid: Success in treating persistent pain now offers hope for these sufferers,OPINION: Long Covid impacts have focused attention on the nature of constant fatigue.,https://www.nzherald.co.nz/nz/success-in-treating-persistent-pain-now-offers-hope-for-those-with-long-covid/LJVHTLY7ENC3NASXADYPUA4AVQ/,https://www.nzherald.co.nz/resizer/v2/JEOZZH5LPGXWF24TSVGNU4ZZLQ.jpg?auth=1d0d47e47324e7644dfe7393ac4fd5438fee174fcdb29ab2cfe7b89ca39c2bc9&width=1200&height=675&quality=70&smart=true,2024-06-25T23:26:16Z,"The emergence of long Covid as a mysterious new illness has refocused attention on the incapacitating nature of persistent fatigue.
Around the world, this unexpected outcome of the Covid-19 pandemic… [+5164 chars]",health
"{'id': None, 'name': '[Removed]'}",,[Removed],[Removed],https://removed.com,,1970-01-01T00:00:00Z,[Removed],health
"{'id': None, 'name': 'The Daily Caller'}",Fiona McLoughlin,"Hershey’s, Friendly’s Among Brands Named In Massive Ice Cream Recall Due To Possible Listeria Outbreak","Totally Cool, Inc. is recalling several brands of ice cream products after a possible listeria outbreak, the Food and Drug Administration announced Monday.",https://dailycaller.com/2024/06/25/totally-cool-inc-hersheys-friendlys-ice-cream-recall-possible-listeria-outbreak/,https://cdn01.dailycaller.com/wp-content/uploads/2024/06/GettyImages-2032683-scaled-e1719354600671.jpg,2024-06-25T23:25:16Z,"Totally Cool, Inc. is recalling several brands of ice cream products after a possible listeria outbreak, the Food and Drug Administration (FDA) announced Monday.
The Maryland-based company is recall… [+1765 chars]",health
"{'id': None, 'name': 'Investing.com'}",Investing.com,"Athira Pharma director Kelly A. Romano buys $100,050 in company stock","Athira Pharma director Kelly A. Romano buys $100,050 in company stock",https://www.investing.com/news/company-news/athira-pharma-director-kelly-a-romano-buys-100050-in-company-stock-93CH-3496720,https://i-invdn-com.investing.com/news/World_News_9_800x533_L_1420026261.jpg,2024-06-25T23:25:10Z,"Athira Pharma, Inc. (NASDAQ:ATHA) director Kelly A. Romano has recently increased her stake in the company through a series of purchases, according to the latest SEC filings. Romano, who serves on th… [+4231 chars]",health
"{'id': None, 'name': 'The Punch'}",Jide Ojo,Challenges of food safety and security,"Jide Ojo The reality of present day Nigeria is that a majority of the populace is hungry, and therefore angry. This newspaper in its yesterday’s editorial titled, “Rising food prices and insecurity” reeled out several depressing statistics about the current s…",https://punchng.com/challenges-of-food-safety-and-security/,https://cdn.punchng.com/wp-content/uploads/2023/11/21232254/JIDE-OJO.jpg,2024-06-25T23:25:06Z,"Jide Ojo
The reality of present day Nigeria is that a majority of the populace is hungry, and therefore angry. This newspaper in its yesterdays editorial titled, Rising food prices and insecurity re… [+6978 chars]",health
"{'id': None, 'name': 'Investing.com'}",Investing.com,Hecla Mining VP sells over $38k in company stock,Hecla Mining VP sells over $38k in company stock,https://www.investing.com/news/company-news/hecla-mining-vp-sells-over-38k-in-company-stock-93CH-3496719,https://i-invdn-com.investing.com/news/news_six_pile_69x52._800x533_L_1419494215.jpg,2024-06-25T23:24:59Z,"In a recent move at Hecla Mining Co. (NYSE:HL), Vice President of Exploration, Kurt Allen, has sold a portion of his company stock. The transaction, which took place on June 25, 2024, involved the sa… [+4395 chars]",health
"{'id': None, 'name': 'Rlsbb.cc'}",saamaan1@yahoo.com (Master),Diatomic-TENOKE,"Release Description: Diatomic is Complete with over 30+ Levels of face paced action, gun juggling, epic boss fights, Agility Challenges and much more! Level up, unlock new abilities and customize your power ups to try and conquer this brutally difficult arena…",https://rlsbb.cc/diatomic-tenoke/,,2024-06-25T23:24:01Z,"Release Description:
 Diatomic is Complete with over 30+ Levels of face paced action, gun juggling, epic boss fights, Agility Challenges and much more! Level up, unlock new abilities and customize y… [+824 chars]",health
"{'id': 'newsweek', 'name': 'Newsweek'}",Michelle McGahan,Why Ellen DeGeneres Is Catching Major Heat for Amanda Bynes Post,Ellen DeGeneres recently shared a throwback interview with Amanda Bynes that has her followers fuming.,https://www.newsweek.com/entertainment/celebrity-news/ellen-degeneres-major-heat-amanda-bynes-2004-interview-fan-reaction-1917359,https://d.newsweek.com/en/full/2416680/ellen-degeneres.jpg,2024-06-25T23:23:43Z,"Entertainment gossip and news from Newsweek's network of contributors
Ellen DeGeneres' followers are begging her to take down the recent post that featured a throwback interview with Amanda Bynes.
… [+3503 chars]",health
"{'id': None, 'name': 'Investing.com'}",Investing.com,"Howard Hughes Holdings exec buys $22,390 in stock","Howard Hughes Holdings exec buys $22,390 in stock",https://www.investing.com/news/company-news/howard-hughes-holdings-exec-buys-22390-in-stock-93CH-3496717,https://i-invdn-com.investing.com/news/World_News_9_800x533_L_1420026261.jpg,2024-06-25T23:23:19Z,"In a recent move that signals confidence in Howard Hughes Holdings Inc. (NYSE:HHH), the company's Chief Accounting Officer, Elena Verbinskaya, acquired shares worth a total of $22,390. The transactio… [+4457 chars]",health
"{'id': None, 'name': 'Investing.com'}",Investing.com,Impinj executive sells over $31k in company stock,Impinj executive sells over $31k in company stock,https://www.investing.com/news/company-news/impinj-executive-sells-over-31k-in-company-stock-93CH-3496716,https://i-invdn-com.investing.com/news/news_pile_69x52._800x533_L_1419494209.jpg,2024-06-25T23:23:06Z,"Impinj Inc's (NASDAQ:PI) Chief Innovation Officer, Cathal G. Phelan, has recently sold a portion of his company shares, according to the latest filings. The transactions, which took place on June 24,… [+5076 chars]",health
"{'id': None, 'name': 'FDA.gov'}",FDA,"FDA investigates two adverse events associated with United Pharmacy’s compounded glutamine, arginine, and carnitine product for injection","FDA’s investigation into the adverse events associated with United Pharmacy’s GAC product for injection highlights some of the risks associated with compounded drugs, which do not undergo FDA premarket review. The risks illustrated in this case include: the p…",https://www.fda.gov/drugs/human-drug-compounding/fda-investigates-two-adverse-events-associated-united-pharmacys-compounded-glutamine-arginine-and,https://www.fda.gov/themes/custom/preview/img/FDA-Social-Graphic.png,2024-06-25T23:22:43Z,"Updated: March 14, 2018 
FDA laboratory analysis found the glutamine in United Pharmacys compounded glutamine, arginine, and carnitine (GAC) 10/100/200 mg/mL product for injection is degrading befor… [+7296 chars]",health
"{'id': None, 'name': 'New Zealand Herald'}",Joanne Orlando,Will social media bans work? How parents can keep their children safe online,"Experts say a ban only delays young people’s exposure, it does not help them manage it.",https://www.nzherald.co.nz/lifestyle/will-social-media-bans-work-how-parents-can-keep-their-children-safe-online/NTMT7LJYIVESXOFIRBJKVAGG3Q/,https://www.nzherald.co.nz/resizer/v2/5O55LBXSJVDLVKO7HEEE6GLGRM.jpg?auth=1ed072cf6a5e22a143d8ec42b55abab3b18e36fb6c8fceb7734bb08519a12057&width=1200&height=675&quality=70&smart=true,2024-06-25T23:21:54Z,"But we also need to view this from a digital literacy perspective. A social media ban only delays young peoples exposure to these platforms, it does not help them to manage or learn anything. When th… [+5362 chars]",health
"{'id': 'nbc-news', 'name': 'NBC News'}",Greg Hyatt,He sold cell phones during the pandemic — now he's days away from making the U.S. Olympic track team,U.S. track and field athlete Cordell Tinch knows about life’s hurdles.,https://www.nbcnews.com/sports/olympics/cordell-tinch-hurdles-paris-olympics-rcna158939,"https://media-cldnry.s-nbcnews.com/image/upload/t_nbcnews-fp-1200-630,f_auto,q_auto:best/rockcms/2024-06/240625-cordell-tinch-olympics-1-se-556p-22f9a3.jpg",2024-06-25T23:21:43Z,"U.S. track and field athlete Cordell Tinch knows about lifes hurdles.
After previously selling cell phones and operating machinery that makes toilet paper to pay the bills during the pandemic, hes n… [+2080 chars]",health
"{'id': None, 'name': 'Investing.com'}",Investing.com,"Quantum-Si executive sells shares worth over $9,000","Quantum-Si executive sells shares worth over $9,000",https://www.investing.com/news/company-news/quantumsi-executive-sells-shares-worth-over-9000-93CH-3496714,https://i-invdn-com.investing.com/news/news_six_pile_69x52._800x533_L_1419494215.jpg,2024-06-25T23:21:14Z,"Quantum-Si Inc (NASDAQ:QSI) Chief Commercial Officer, Grace Johnston, has recently sold shares of the company worth more than $9,000. The transactions, which took place on June 21 and June 24, 2024, … [+4676 chars]",health
"{'id': None, 'name': 'Hollywood Life'}",Jessica Acosta,Celine Dion Suffers Seizure During Her Battle With Stiff Person Syndrome,Celine Dion was documented going through a seizure in her new documentary.,https://hollywoodlife.com/2024/06/25/celine-dion-had-a-scary-moment-while-battling-stiff-person-syndrome/,https://hollywoodlife.com/wp-content/uploads/2024/06/GettyImages-2158042148-2.jpg?quality=100,2024-06-25T23:20:34Z,"Image Credit: Getty Images
Celine Dionwent through a scary seizure that was filmed during her new documentary I Am: Celine Dion all while battling through Stiff Person Syndrome. 
The 56-year-old si… [+1811 chars]",health
"{'id': None, 'name': 'The Punch'}",Punch Editorial Board,MAN’s warning on kidnapping,"AFTER the recent release of the Managing Director of Fouani Group, Mohamed Fouani, and four others, the Manufacturers Association of Nigeria has raised concerns that the continuous abduction of company executives could undermine confidence in the Nigerian eco…",https://punchng.com/mans-warning-on-kidnapping/,https://cdn.punchng.com/wp-content/uploads/2021/07/23232956/Kidnapping.jpg,2024-06-25T23:20:13Z,"AFTER the recent release of the Managing Director of Fouani Group, Mohamed Fouani, and four others, the Manufacturers Association of Nigeria has raised concerns that the continuous abduction of compa… [+3653 chars]",health
"{'id': 'fox-news', 'name': 'Fox News'}",Tracy Wright,"Jeremy Renner goes shirtless, revealing scars from near-fatal snowplow accident: 'I look great!'",Jeremy Renner has more appreciation for his body than ever after surviving a traumatic snowplow collision near his home in Lake Tahoe on New Year's Day in 2023.,https://www.foxnews.com/entertainment/jeremy-renner-goes-shirtless-revealing-scars-near-fatal-snowplow-accident-i-look-great,https://static.foxnews.com/foxnews.com/content/uploads/2024/06/jeremy-renner.jpg,2024-06-25T23:20:10Z,"Jeremy Renner wears his scars proudly from the traumatic snowplow incident more than one year ago that nearly cost him his life.
The ""Mayor of Kingstown"" star showed off his recovery efforts and wen… [+4572 chars]",health
"{'id': None, 'name': 'The Punch'}",Grace Edema,"Cholera: No active water supply in Lagos anymore, says LASUSTECH VC","In an interview with GRACE EDEMA, the Vice-Chancellor of Lagos State University of Science and Technology and a Professor of Public and Community Health, Olumuyiwa Odusanya, says vaccines are not the primary solution for cholera outbreaks. The Fellow of the M…",https://punchng.com/cholera-no-active-water-supply-in-lagos-anymore-says-lasustech-vc/,https://cdn.punchng.com/wp-content/uploads/2022/10/05065104/WhatsApp-Image-2022-10-05-at-06.50.20.jpeg,2024-06-25T23:19:55Z,"In an interview with GRACE EDEMA, the Vice-Chancellor of Lagos State University of Science and Technology and a Professor of Public and Community Health, Olumuyiwa Odusanya, says vaccines are not the… [+9451 chars]",health
"{'id': None, 'name': 'The Punch'}",Gbenga Oloniniran,Sanwo-Olu hosts children with disabilities on 59th birthday,"The Lagos State Governor, Babajide Sanwo-Olu, celebrated his 59th birthday on Tuesday with children living with disabilities at Lagos House, Ikeja. The birthday event organised by the State Executive Council was attended by about 250 special needs students an…",https://punchng.com/sanwo-olu-hosts-children-with-disabilities-on-59th-birthday/,https://cdn.punchng.com/wp-content/uploads/2024/02/22122509/Sanwo-Olu.jpg,2024-06-25T23:19:44Z,"The Lagos State Governor, Babajide Sanwo-Olu, celebrated his 59th birthday on Tuesday with children living with disabilities at Lagos House, Ikeja.
The birthday event organised by the State Executiv… [+2221 chars]",health
"{'id': None, 'name': 'The Punch'}",Gbenga Oloniniran,Lagos adopts inter-agency collaboration to tackle cholera,"The Lagos State Government has announced the adoption of the One Health Strategy in response to the recent cholera outbreak in the state. The Commissioner for Health, Prof. Akin Abayomi, at a press briefing on Tuesday, explained that the approach involved a c…",https://punchng.com/lagos-adopts-inter-agency-collaboration-to-tackle-cholera/,https://cdn.punchng.com/wp-content/uploads/2023/06/30152215/IMAGE-2023-06-30-152208.jpg,2024-06-25T23:19:42Z,"The Lagos State Government has announced the adoption of the One Health Strategy in response to the recent cholera outbreak in the state.
The Commissioner for Health, Prof. Akin Abayomi, at a press … [+2216 chars]",health
"{'id': None, 'name': 'CBS Sports'}",Garrett Podell,Packers' Jordy Nelson calls Jordan Love and the offense 'fun to watch'; here's what he's expecting in 2024,Nelson liked what he saw from the Green Bay attack last season,https://www.cbssports.com/nfl/news/packers-jordy-nelson-calls-jordan-love-and-the-offense-fun-to-watch-heres-what-hes-expecting-in-2024/,https://sportshub.cbsistatic.com/i/r/2024/06/25/e628f9d6-efb7-41b1-a7ca-6dc22685d427/thumbnail/1200x675/7bfad6a6995d9503b72f8dee0d3c14b1/gettyimages-1441255411.jpg,2024-06-25T23:18:52Z,"For almost a decade (2008-2017), the signature play of the Green Bay Packers offense was MVP quarterback Aaron Rodgers uncorking a deep, play-action shot play that was dialed up by head coach Mike Mc… [+3412 chars]",health
"{'id': 'abc-news', 'name': 'ABC News'}",RANDALL CHASE Associated Press,Delaware Senate gives final approval to bill mandating insurance coverage for abortions,Democratic lawmakers in Delaware have given final approval to a bill requiring most private health insurance plans and the state’s Medicaid program to cover abortions,https://abcnews.go.com/Health/wireStory/delaware-senate-final-approval-bill-mandating-insurance-coverage-111423481,https://s.abcnews.com/images/US/abc_news_default_2000x2000_update_16x9_992.jpg,2024-06-25T23:18:02Z,"DOVER, Del. -- DOVER, Del. (AP) 
Democratic lawmakers in Delaware gave final approval Tuesday to a bill requiring most private health insurance plans and Delawares Medicaid program to cover abortion… [+2334 chars]",health
"{'id': None, 'name': 'Sputnikglobe.com'}",John Miles,US Intelligence Kept Assange in UK Dungeon for Exposing War Crimes – CIA Analyst,"The firebrand transparency activist will soon be free, but his years of confinement have caused untold damage to his mental and physical health.",https://sputnikglobe.com/20240625/us-intelligence-kept-assange-in-uk-dungeon-for-exposing-war-crimes--cia-analyst-1119130585.html,https://cdn1.img.sputnikglobe.com/images/sharing/article/eng/1119130585.jpg?11191303811719357542,2024-06-25T23:17:59Z,"What was shown in the Wikileaks video only begins to depict the suffering we have created, wrote two repentant US Army veterans depicted in the footage. From our own experiences, and the experiences … [+188 chars]",health
"{'id': None, 'name': 'Wnd.com'}",Jim Breslo,Will SCOTUS require America to start acting like America again?,"While mainstream media are obsessed with Trump trials, eagerly awaiting the U.S. Supreme Court's ruling on presidential immunity, the court will also be ruling soon on actions by the Biden administration to stop Americans from speaking openly about the 2020 e…",https://www.wnd.com/2024/06/will-scotus-require-america-start-acting-like-america/,https://www.wnd.com/wp-content/uploads/2022/08/censorship-gagging-girls-chhildren-silence-free-speech-first-amendment-transgenders-unsplash.jpg,2024-06-25T23:17:14Z,"While mainstream media are obsessed with Trump trials, eagerly awaiting the U.S. Supreme Court's ruling on presidential immunity, the court will also be ruling soon on actions by the Biden administra… [+5530 chars]",health
"{'id': None, 'name': 'Investing.com'}",Investing.com,Impinj CFO sells over $74k in company stock,Impinj CFO sells over $74k in company stock,https://www.investing.com/news/company-news/impinj-cfo-sells-over-74k-in-company-stock-93CH-3496711,https://i-invdn-com.investing.com/news/World_News_9_800x533_L_1420026261.jpg,2024-06-25T23:17:05Z,"Cary Baker, the Chief Financial Officer of Impinj Inc (NASDAQ:PI), a leading provider and innovator of RAIN RFID solutions, has recently sold a portion of his company stock, according to a new SEC fi… [+4439 chars]",health
"{'id': None, 'name': 'Daily Beast'}",AJ McDougall,Biden to Pardon Vets Convicted Under Military Law Banning Gay Sex: Report,"Joe Raedle/Getty Images
Joe Biden is expected to issue a blanket pardon to U.S. military veterans convicted under an arcane law that between 1951 and 2013 banned consensual gay sex, three officials familiar with the matter told CNN on Tuesday. The pardon, ex…",https://www.thedailybeast.com/biden-to-pardon-vets-convicted-under-military-law-banning-gay-sex-report,"https://img.thedailybeast.com/image/upload/c_crop,d_placeholder_euli9k,h_1688,w_3000,x_0,y_193/dpr_2.0/c_limit,w_740/fl_lossy,q_auto/v1719354342/GettyImages-89086679_pvnxny",2024-06-25T23:15:23Z,"Joe Biden is expected to issue a blanket pardon to U.S. military veterans convicted under an arcane law that between 1951 and 2013 banned consensual gay sex, three officials familiar with the matter … [+1107 chars]",health
"{'id': None, 'name': 'Investing.com'}",Investing.com,Impinj CEO Chris Diorio sells over $1.6 million in company stock,Impinj CEO Chris Diorio sells over $1.6 million in company stock,https://www.investing.com/news/company-news/impinj-ceo-chris-diorio-sells-over-16-million-in-company-stock-93CH-3496710,https://i-invdn-com.investing.com/news/World_News_9_800x533_L_1420026261.jpg,2024-06-25T23:15:19Z,"Chris Diorio, the CEO of Impinj Inc (NASDAQ:PI), has recently sold a significant amount of company stock, valued at over $1.6 million. The transactions, which took place on June 24 and 25, involved s… [+4660 chars]",health
"{'id': None, 'name': 'Slashdot.org'}",feedfeeder,Health Alert Network (HAN) - 00511 | Increased Risk of Dengue Virus Infections in the United States - CDC Emergency Preparedness,Health Alert Network (HAN) - 00511 | Increased Risk of Dengue Virus Infections in the United StatesCDC Emergency Preparedness CDC warns a surge in global dengue cases is raising risk in USCNN Health officials tell US doctors to be alert for dengue as cases ra…,https://slashdot.org/firehose.pl?op=view&amp;id=174316617,,2024-06-25T23:14:40Z,Sign up for the Slashdot newsletter! OR check out the new Slashdot job board to browse remote jobs or jobs in your areaDo you develop on GitHub? You can keep using GitHub but automatically sync your … [+268 chars],health
"{'id': None, 'name': 'The Seattle Times'}",RANDALL CHASE,Delaware Senate gives final approval to bill mandating insurance coverage for abortions,Democratic lawmakers in Delaware have given final approval to a bill requiring most private health insurance plans and the state’s Medicaid program to cover abortions.,https://www.seattletimes.com/seattle-news/health/delaware-senate-gives-final-approval-to-bill-mandating-insurance-coverage-for-abortions/,https://www.seattletimes.com/wp-content/themes/st_refresh/img/st-meta-facebook.png,2024-06-25T23:14:02Z,"DOVER, Del. (AP) 
Democratic lawmakers in Delaware gave final approval Tuesday to a bill requiring most private health insurance plans and Delawares Medicaid program to cover abortions.
The bill cl… [+2319 chars]",health
"{'id': None, 'name': 'Minneapolis Star Tribune'}",RANDALL CHASE,Delaware Senate gives final approval to bill mandating insurance coverage for abortions,"Follow the StarTribune for the news, photos and videos from the Twin Cities and beyond.",https://www.startribune.com/delaware-senate-gives-final-approval-to-bill-mandating-insurance-coverage-for-abortions/600376165/,https://www.startribune.com/static/img/branding/logos/strib-social-card.png?d=1719329587,2024-06-25T23:14:01Z,"DOVER, Del. 
Democratic lawmakers in Delaware gave final approval Tuesday to a bill requiring most private health insurance plans and Delaware's Medicaid program to cover abortions.
The bill cleare… [+2324 chars]",health
"{'id': None, 'name': 'WAVY.com'}",Kamaria Braye,'Vaughn's Way': Norfolk NFL player honors late father with mental health awareness initiative,"NORFOLK, Va. (WAVY) — Born and raised in Norfolk, Jalyn Holmes, a five-year NFL player currently with the New York Jets, has returned to give back in the name of his late-stepfather, who died by suicide last year. “So just giving a space for the people in our…",https://www.wavy.com/news/health/vaughns-way-norfolk-nfl-player-honors-late-father-with-mental-health-awareness-initiative/,https://www.wavy.com/wp-content/uploads/sites/3/2024/06/snapshot-2024-06-25T175328.694.jpg?w=1280,2024-06-25T23:11:30Z,"NORFOLK, Va. (WAVY) Born and raised in Norfolk, Jalyn Holmes, a five-year NFL player currently with the New York Jets, has returned to give back in the name of his late-stepfather, who died by suicid… [+4684 chars]",health
"{'id': None, 'name': 'The Punch'}",Stephen Angbulu,FG okays $1.4m for NDLEA firearms,"The Federal Executive Council, on Tuesday, approved $1.442bn to procure arms, ammunition and equipment for the National Drug Law Enforcement Agency. The new purchase is meant to boost the agency’s anti-narcotics operations nationwide, the Attorney-General of …",https://punchng.com/fg-okays-1-4m-for-ndlea-firearms/,https://cdn.punchng.com/wp-content/uploads/2023/12/17112432/NDLEA-uncovers-large-farm-of-marijuana-in-Kano-e1637501727420.jpg,2024-06-25T23:10:25Z,"The Federal Executive Council, on Tuesday, approved $1.442bn to procure arms, ammunition and equipment for the National Drug Law Enforcement Agency.
The new purchase is meant to boost the agencys an… [+4502 chars]",health
"{'id': None, 'name': 'BBC News'}",,Tackling US gun violence as a public health crisis. Will it help?,The first-of-its-kind report aims to change the discussion around guns in the US and remove divisive politics in hopes of curbing deaths.,https://www.bbc.com/news/articles/cjqqelzgq17o,https://ichef.bbci.co.uk/news/1024/branded_news/817b/live/ae9d3490-3316-11ef-bdc5-41d7421c2adf.jpg,2024-06-25T23:09:45Z,"US Surgeon General Vivek Murthy has declared gun violence a public health crisis, a move aimed at curbing the US' role in leading the world in shooting deaths. 
In a first-of-its-kind report urging … [+3963 chars]",health
"{'id': None, 'name': 'The Punch'}",Our Reporters,"Cholera: FG provides 107 LGAs logistics, Ogun denies new cases","The Federal Government has provided states with human capital, logistics and others across the 107 Local Government Areas and 31 states where cholera cases were reported. The Director of Public Health at the Federal Ministry of Health and Social Welfare, Dr C…",https://punchng.com/cholera-fg-provides-107-lgas-logistics-ogun-denies-new-cases/,https://cdn.punchng.com/wp-content/uploads/2024/06/16004335/cholera.jpg,2024-06-25T23:09:31Z,"The Federal Government has provided states with human capital, logistics and others across the 107 Local Government Areas and 31 states where cholera cases were reported.
The Director of Public Heal… [+5138 chars]",health
"{'id': 'the-times-of-india', 'name': 'The Times of India'}",Agencies,Water crisis may hit sovereign credit health: Moody's,India Business News: NEW DELHI: Moody's on Tuesday said India's growing water shortage can disrupt farm and industry sectors and is detrimental to the credit health of the.,https://timesofindia.indiatimes.com/business/india-business/water-crisis-may-hit-sovereign-credit-health-moodys/articleshow/111269808.cms,"https://static.toiimg.com/thumb/msid-111269849,width-1070,height-580,imgsize-36810,resizemode-75,overlay-toi_sw,pt-32,y_pad-40/photo.jpg",2024-06-25T23:09:26Z,"FD Calculator
When investing in a fixed deposit, the amount you deposit earns interest as per the prevailing...
Calculate Now",health
"{'id': None, 'name': 'Forbes'}","Steven Aquino, Contributor, 
 Steven Aquino, Contributor
 https://www.forbes.com/sites/stevenaquino/",Apple’s ‘Help Me Choose’ Mac Buying Tool Drives Accessibility As Hard As It Does Capitalism,"In doing my journalistic duty, I’ve completed Apple’s questionnaire twice: the first time, the company suggested a 16-inch MacBook Pro while the second time they proffered a Mac Studio—both machines obviously running Apple silicon",https://www.forbes.com/sites/stevenaquino/2024/06/25/apples-help-me-choose-mac-buying-tool-drives-accessibility-as-hard-as-it-does-capitalism/,https://imageio.forbes.com/specials-images/imageserve/667b4a640759846eb8142e47/0x0.jpg?format=jpg&height=900&width=1600&fit=bounds,2024-06-25T23:09:21Z,"My ancient 4K iMac has a lot to look forward to this fall. 
Stephen Hackett/512 Pixels 
I have several qualms over the ever-popular editorial choice to use quietly in describing events, particularl… [+4400 chars]",health
"{'id': None, 'name': 'Tistory.com'}",T.B,"미국 대선 개입 윤석열 ""원화 굴기(Dollarization)가 웬 말이냐?""","North Korea sent a new batch of around 350 balloons carrying trash across the border into South Korea, after Seoul said it detected parasites such as roundworms in the contents of previous dispatches. https://t.co/ir66w85VPH— Bloomberg Asia (@BloombergAsia) J…",https://ryueyes11.tistory.com/18252,https://img1.daumcdn.net/thumb/R800x0/?scode=mtistory2&fname=https%3A%2F%2Fblog.kakaocdn.net%2Fdn%2FbDfy2J%2FbtsIbr2UAWz%2FTr0gxHb4ckeeNnNOpX4pdk%2Fimg.jpg,2024-06-25T23:09:05Z,"North Korea sent a new batch of around 350 balloons carrying trash across the border into South Korea, after Seoul said it detected parasites such as roundworms in the contents of previous dispatches… [+8742 chars]",health
"{'id': None, 'name': 'FDA.gov'}",FDA,"A case of hemorrhagic occlusive retinal vasculitis (HORV) following intraocular injections of a compounded triamcinolone, moxifloxacin, and vancomycin formulation","Hemorrhagic occlusive retinal vasculitis (HORV) is a rare, potentially blinding postoperative complication that has been observed in dozens of patients who have received intraocular injections of vancomycin (anti-infective) formulations toward the end of othe…",https://www.fda.gov/drugs/human-drug-compounding/case-hemorrhagic-occlusive-retinal-vasculitis-horv-following-intraocular-injections-compounded,https://www.fda.gov/themes/custom/preview/img/FDA-Social-Graphic.png,2024-06-25T23:07:09Z,"Introduction
Hemorrhagic occlusive retinal vasculitis (HORV) is a rare, potentially blinding postoperative complication that has been observed in dozens of patients who have received intraocular inj… [+4940 chars]",health
"{'id': None, 'name': 'Common Dreams'}",Brett Wilkins,New Funding Bill Shows House Republicans 'Want Monopolists to Win',"Anti-monopoly campaigners on Tuesday blasted House Republicans over a bill that would dramatically reduce funding for the U.S. Department of Justice's Antitrust Division and impose caps on how much the crucial agency gets from merger filing fees.

The House A…",https://www.commondreams.org/news/doj-antitrust-division,https://www.commondreams.org/media-library/jonathan-kanter-speaks-while-merrick-garland-stands-by.jpg?id=52503272&width=1200&height=600&coordinates=0%2C85%2C0%2C86,2024-06-25T23:05:46Z,Anti-monopoly campaigners on Tuesday blasted House Republicans over a bill that would dramatically reduce funding for the U.S. Department of Justice's Antitrust Division and impose caps on how much t… [+3235 chars],health
"{'id': None, 'name': 'TheJournal.ie'}",Muiris O'Cearbhaill & Maria Delaney,"Prison overcrowding: The number of people in prison in Ireland hit 5,000 for the first time ever",New analysis shows the prison population is climbing year on year.,https://www.thejournal.ie/irish-prison-overcrowding-6411621-Jun2024/,https://img2.thejournal.ie/article/6411621/river/?height=400&version=6418629,2024-06-25T23:05:10Z,"THE NUMBER OF prisoners in Ireland surpassed 5,000 for the first time last Thursday, as analysis by The Journal shows the number in custody has steadily climbed over several years.
There were 4,833 … [+3883 chars]",health
"{'id': None, 'name': 'The Punch'}",Ikenna Obianeri,Civil society urges Anambra to boost healthcare through local investments,"The Coalition of Civil Society Networks on AIDS, Tuberculosis, and Malaria has called on the Anambra State government to invest in disease control, eradication, and other evidence-based intervention programs to boost healthcare delivery in the state. The grou…",https://punchng.com/civil-society-urges-anambra-to-boost-healthcare-through-local-investments/,https://cdn.punchng.com/wp-content/uploads/2024/06/25201117/Civil-society.jpg,2024-06-25T23:04:39Z,"The Coalition of Civil Society Networks on AIDS, Tuberculosis, and Malaria has called on the Anambra State government to invest in disease control, eradication, and other evidence-based intervention … [+4522 chars]",health
"{'id': 'abc-news-au', 'name': 'ABC News (AU)'}",Samantha Goerling,'Fair go mate': Council still pursuing pensioner living in bus despite ministerial intervention,Danny Reinhold will be allowed to keep living in his rented bus after Local Government Minister Hannah Beazley granted him a permit — but the Shire of West Arthur will continue its legal action against him.,https://www.abc.net.au/news/2024-06-26/minister-intervenes-granting-permit-to-darkan-pensioner/104018920,https://live-production.wcms.abc-cdn.net.au/88dffda115f0808ef3f91ef500a1a9f9?impolicy=wcms_watermark_news&cropH=2813&cropW=5000&xPos=0&yPos=192&width=862&height=485&imformat=generic,2024-06-25T23:03:58Z,"<ul><li>In short: The local government minister has intervened in the case of pensioner Danny Reinhold, allowing him to continue living in his bus in Darkan.</li><li>The Shire of West Arthur is suing… [+3694 chars]",health
"{'id': None, 'name': 'Yahoo Entertainment'}",editorial-team@simplywallst.com (Simply Wall St),SEHK Growth Leaders With High Insider Ownership In June 2024,"Amidst a backdrop of mixed economic signals from global markets, the Hong Kong stock market has shown resilience, with the Hang Seng Index posting modest...",https://finance.yahoo.com/news/sehk-growth-leaders-high-insider-230353016.html,https://media.zenfs.com/en/simply_wall_st__316/5bcfe52095f73041f79c669b593d7118,2024-06-25T23:03:53Z,"Amidst a backdrop of mixed economic signals from global markets, the Hong Kong stock market has shown resilience, with the Hang Seng Index posting modest gains. This environment underscores the poten… [+5577 chars]",health
"{'id': None, 'name': 'The Punch'}",Damilola Aina,"Reforms will address economic challenges, says Tinubu",President Bola Tinubu has stated that his administration will continue with its proposed strategic reforms and measures to address deep-rooted structural issues in the country. He said the reforms would be implemented fully despite the nation’s complexities a…,https://punchng.com/reforms-will-address-economic-challenges-says-tinubu/,https://cdn.punchng.com/wp-content/uploads/2024/06/04185040/Tinubu-presenting.jpeg,2024-06-25T23:03:39Z,"President Bola Tinubu has stated that his administration will continue with its proposed strategic reforms and measures to address deep-rooted structural issues in the country.
He said the reforms w… [+4233 chars]",health
"{'id': None, 'name': 'International Business Times'}",Isabelle Cortes,'Wake-up Call': Third Of Adults Not Doing Enough Physical Activity,"Nearly a third of all adults are not doing enough physical activity, posing a growing threat to health across the world, a major study said on Wednesday.",https://www.ibtimes.com/wake-call-third-adults-not-doing-enough-physical-activity-3735122,https://d.ibtimes.com/en/full/4531986/researchers-told-people-not-just-watch-sports-this-summer-get-active-themselves.jpg,2024-06-25T23:03:19Z,"Nearly a third of all adults are not doing enough physical activity, posing a growing threat to health across the world, a major study said on Wednesday.
More than 31 percent of adults -- 1.8 billio… [+2856 chars]",health
"{'id': None, 'name': 'Ms. Magazine'}","Orion Rummler, The 19th",A Second Trump Term Would Double Down on Erasing Trans Rights. Here’s How Advocates Are Preparing.,"If former president Donald Trump is reelected, advocacy groups expect him to enact anti-LGBTQ+ policies that are more far-reaching and extreme than those he put in place during his first term—based on his campaign promises and policies suggested by the Herita…",https://msmagazine.com/2024/06/25/trump-trans-lgbtq/,https://msmagazine.com/wp-content/uploads/2024/06/GettyImages-1242129922.jpg,2024-06-25T23:02:46Z,"A Transgender Day of Visibility rally in St. Paul, Minn., on March 31, 2024. (Michael Siluk / UCG / Universal Images Group via Getty Images)
This story was originally published by The 19th.
LGBTQ+ … [+12221 chars]",health
"{'id': None, 'name': 'Investing.com'}",Investing.com,Mind Medicine CEO Robert Barrow sells shares worth over $113k,Mind Medicine CEO Robert Barrow sells shares worth over $113k,https://www.investing.com/news/company-news/mind-medicine-ceo-robert-barrow-sells-shares-worth-over-113k-93CH-3496705,https://i-invdn-com.investing.com/news/international_newspapers_69x52._800x533_L_1419494241.jpg,2024-06-25T23:02:25Z,"In a recent transaction, Robert Barrow, the Chief Executive Officer of Mind Medicine (MindMed) Inc. (NASDAQ:MNMD), sold a total of 15,659 common shares of the company. The sale, which took place on J… [+4448 chars]",health
"{'id': None, 'name': 'Investing.com'}",Investing.com,MindMed's chief medical officer sells shares worth nearly $50k,MindMed's chief medical officer sells shares worth nearly $50k,https://www.investing.com/news/company-news/mindmeds-chief-medical-officer-sells-shares-worth-nearly-50k-93CH-3496704,https://i-invdn-com.investing.com/news/international_newspapers_69x52._800x533_L_1419494241.jpg,2024-06-25T23:02:16Z,"Mind Medicine (MindMed) Inc. (NASDAQ:MNMD) Chief Medical Officer, Dan Karlin, has sold a portion of his holdings in the company. According to a recent filing with the Securities and Exchange Commissi… [+5009 chars]",health
"{'id': None, 'name': 'Trendhunter.com'}",Laura McQuarrie,Brain-Boosting Protein Bars - MOSH's Bars Feature a Signature Brain Fuel Blend (TrendHunter.com),"(TrendHunter.com) With brain-boosting protein bars, MOSH aims to help proactively care for the health of their brains in the same way that they invest in care for the rest of their body. 
 
MOSH's bars were...",https://www.trendhunter.com/trends/brain-boosting-protein-bars,https://cdn.trendhunterstatic.com/thumbs/537/brain-boosting-protein-bars.jpeg?auto=webp,2024-06-25T23:02:02Z,"With brain-boosting protein bars, MOSH aims to help proactively care for the health of their brains in the same way that they invest in care for the rest of their body. MOSH's bars were previously fo… [+595 chars]",health
"{'id': None, 'name': 'The Punch'}",Our Reporters,"Minimum wage: Labour kicks as FEC steps down memo, demands consultation","•Failure to discuss memo giving room for speculation, NLC tells govt The Organised Labour on Tuesday kicked against the Federal Executive Council’s decision to step down the memorandum on the report of the Tripartite Committee on New National Minimum Wage. Th…",https://punchng.com/minimum-wage-labour-kicks-as-fec-steps-down-memo-demands-consultation/,https://cdn.punchng.com/wp-content/uploads/2024/05/01193552/Labour-960x630.jpg,2024-06-25T23:01:51Z,"Failure to discuss memo giving room for speculation, NLC tells govt
The Organised Labour on Tuesday kicked against the Federal Executive Councils decision to step down the memorandum on the report o… [+14170 chars]",health
"{'id': None, 'name': 'Autocar'}",Autocar,"Renault CEO: ""What’s the point in refusing progress?”","Autocar's top award winner for 2024 gives his vision for the future of Renault - and mobility

Not often do you find yourself, twice in a few months, talking at length and one-to-one with a man as serially busy as Renault Group CEO Luca de Meo.

This is a ma…",https://www.autocar.co.uk/car-news/autocar-awards/renault-ceo-what%E2%80%99s-point-refusing-progress%E2%80%9D,https://www.autocar.co.uk/sites/autocar.co.uk/files/images/car-reviews/first-drives/legacy/issigonistrophy2024.png,2024-06-25T23:01:46Z,"Not often do you find yourself, twice in a few months, talking at length and one-to-one with a man as serially busy as Renault Group CEO Luca de Meo.
This is a man with no spare time at all, someone… [+2634 chars]",health
"{'id': None, 'name': 'Yahoo Entertainment'}",GuruFocus Research,"Insider Selling: Director Theodoros Xenohristos Sells 90,000 Shares of Cava Group Inc (CAVA)","On June 24, 2024, Theodoros Xenohristos, Director at Cava Group Inc (NYSE:CAVA), executed a sale of 90,000 shares of the company.  According to the SEC...",https://finance.yahoo.com/news/insider-selling-director-theodoros-xenohristos-230112329.html,https://s.yimg.com/ny/api/res/1.2/vT6b_0gSrai5DxKZ_DPbmA--/YXBwaWQ9aGlnaGxhbmRlcjt3PTEyMDA7aD01MjU-/https://media.zenfs.com/en/us.finance.gurufocus/7fb20711d98f5b70e819cf2ecdb85c7b,2024-06-25T23:01:12Z,"On June 24, 2024, Theodoros Xenohristos, Director at Cava Group Inc (NYSE:CAVA), executed a sale of 90,000 shares of the company. According to the SEC Filing, the transaction was carried out at an av… [+2140 chars]",health
"{'id': 'cbs-news', 'name': 'CBS News'}",Cbs Los Angeles,West Hollywood goes vegan by requiring plant-based dishes at all city events,"West Hollywood is going green with plant-based food now required at all city events, and animal products will only be available upon request.",https://www.cbsnews.com/losangeles/news/west-hollywood-goes-vegan-requiring-plant-based-dishes-at-all-city-events/,https://assets2.cbsnewsstatic.com/hub/i/r/2024/06/25/bdd8f988-3e30-4a4b-87dd-1d657b9ea1d5/thumbnail/1200x630/c3eceefadf54fb6c4b50f080e9e20f4c/gettyimages-96268513.jpg?v=d44ea471ad55b1f821a0763c85064960,2024-06-25T23:01:00Z,"West Hollywood is going green with plant-based food now required at all city events, and animal products will only be available upon request.
The city council voted Monday to pass a resolution that … [+2136 chars]",health
"{'id': None, 'name': 'The Star Online'}",Wen Tsui,U.S. CDC warns of unexpected increase in dengue cases,"LOS ANGELES, June 25 (Xinhua) -- The U.S. Centers for Disease Control and Prevention (CDC) issued a health advisory on Tuesday, alerting healthcare providers and the public of an unexpected increase in dengue virus infections in the country. Read full story",https://www.thestar.com.my/news/world/2024/06/26/us-cdc-warns-of-unexpected-increase-in-dengue-cases,https://cdn.thestar.com.my/Themes/img/newTsol_logo_socmedia.png,2024-06-25T23:01:00Z,"LOS ANGELES, June 25 (Xinhua) -- The U.S. Centers for Disease Control and Prevention (CDC) issued a health advisory on Tuesday, alerting healthcare providers and the public of an unexpected increase … [+1795 chars]",health
"{'id': None, 'name': 'The Punch'}",Okechukwu Nnodim,"FG meets local refiners over pricing, faults Dangote","The Federal Government, on Tuesday, declared that there was no importation of dirty fuel into Nigeria, countering the recent position of an official of the Dangote Petroleum Refinery. It declared this after meeting with oil marketers and local refiners of cru…",https://punchng.com/fg-meets-local-refiners-over-pricing-faults-dangote/,https://cdn.punchng.com/wp-content/uploads/2023/03/29235447/download-2.jpg,2024-06-25T23:00:45Z,"The Federal Government, on Tuesday, declared that there was no importation of dirty fuel into Nigeria, countering the recent position of an official of the Dangote Petroleum Refinery.
It declared th… [+8967 chars]",health
"{'id': 'abc-news-au', 'name': 'ABC News (AU)'}",Brianna Melville,"Promised a healthcare 'upgrade', residents of this country town have waited a decade without a hospital","The Shire of Cunderdin agreed to the demolition of its hospital in exchange for improved health services — 10 years later, those services still haven't arrived.",https://www.abc.net.au/news/2024-06-26/cunderdin-healthcare-calls-to-reinstate-full-services/103957348,https://live-production.wcms.abc-cdn.net.au/f8199c246adcd67027e4cf84553dd2ea?impolicy=wcms_watermark_news&cropH=2583&cropW=4592&xPos=0&yPos=0&width=862&height=485&imformat=generic,2024-06-25T23:00:37Z,"<ul><li>In short: Cunderdin residents are yet to receive ""upgraded"" health facilities, after the town's hospital was demolished a decade ago.</li><li>Some aged residents left town because it meant th… [+4061 chars]",health
"{'id': None, 'name': 'The Punch'}",Our Reporters,"Customs, HFN partner on health tourism","The Nigeria Customs Service and the Healthcare Federation of Nigeria have partnered on efficient healthcare delivery in the country by enhancing trade facilitation. This was disclosed by the Deputy Comptroller-General of Customs in charge of Tariffs & Trade, …",https://punchng.com/customs-hfn-partner-on-health-tourism/,https://cdn.punchng.com/wp-content/uploads/2023/12/16140817/me-e1702732097675.jpg,2024-06-25T23:00:37Z,"The Nigeria Customs Service and the Healthcare Federation of Nigeria have partnered on efficient healthcare delivery in the country by enhancing trade facilitation.
This was disclosed by the Deputy … [+3098 chars]",health
"{'id': None, 'name': 'The Punch'}",Dennis Naku,Rivers hunts injured suspect after dynamite explosion,The tension created in Rivers State following continued protest over the tenure of the local government chairmen heightened on Tuesday as an explosive suspected to be dynamite went off in the bag of an unidentified man believed to be among the pro-police prot…,https://punchng.com/rivers-hunts-injured-suspect-after-dynamite-explosion/,https://cdn.punchng.com/wp-content/uploads/2021/05/31105206/a1.jpg,2024-06-25T23:00:33Z,The tension created in Rivers State following continued protest over the tenure of the local government chairmen heightened on Tuesday as an explosive suspected to be dynamite went off in the bag of … [+3493 chars],health
"{'id': None, 'name': 'The Punch'}",Our Reporters,Customs mourn as senior officer dies at Reps investigative hearing,"The Nigeria Customs Service was thrown into mourning on Tuesday after one of its senior officers, Essien Etop Andrew, collapsed and died at the National Assembly in Abuja. Andrew, who was the Deputy Comptroller, Finance Administration and Technical Service of…",https://punchng.com/customs-mourn-as-senior-officer-dies-at-reps-investigative-hearing/,https://cdn.punchng.com/wp-content/uploads/2024/06/25160051/Essien-Etop-Andrew.jpg,2024-06-25T23:00:33Z,"The Nigeria Customs Service was thrown into mourning on Tuesday after one of its senior officers, Essien Etop Andrew, collapsed and died at the National Assembly in Abuja.
Andrew, who was the Deputy… [+2494 chars]",health
"{'id': None, 'name': 'Memeorandum.com'}",,The numbers behind the 'public health crisis' of gun violence (Philip Bump/Washington Post),"Philip Bump / Washington Post:
The numbers behind the ‘public health crisis’ of gun violence  —  The uptick in deaths related to firearms beginning in 2020 is less about homicide than you might assume.  —  As is the case with many official acts that originate…",https://www.memeorandum.com/240625/p73,https://www.washingtonpost.com/wp-apps/imrs.php?src=https://arc-anglerfish-washpost-prod-washpost.s3.amazonaws.com/public/LENZ3NBLDC5RGVPFQU3FLIZXPU_size-normalized.jpg&w=1440,2024-06-25T23:00:24Z,"memeorandum is an auto-generated summary of the stories that US political commentators are discussing online right now.
Unlike sister sites Techmeme and Mediagazer, it is not a human-edited news out… [+72 chars]",health
